ticker symbol,company,sector,locationMMM,3M Company,Industrials,"St. Paul, Minnesota"ABT,Abbott Laboratories,Health Care,"North Chicago, Illinois"ABBV,AbbVie Inc.,Health Care,"North Chicago, Illinois"ACN,Accenture plc,Information Technology,"Dublin, Ireland"ATVI,Activision Blizzard,Information Technology,"Santa Monica, California"AYI,Acuity Brands Inc,Industrials,"Atlanta, Georgia"ADBE,Adobe Systems Inc,Information Technology,"San Jose, California"AMD,Advanced Micro Devices Inc,Information Technology,"Sunnyvale, California"AAP,Advance Auto Parts,Consumer Discretionary,"Roanoke, Virginia"AES,AES Corp,Utilities,"Arlington, Virginia"AET,Aetna Inc,Health Care,"Hartford, Connecticut"AMG,Affiliated Managers Group Inc,Financials,"Beverly, Massachusetts"AFL,AFLAC Inc,Financials,"Columbus, Georgia"A,Agilent Technologies Inc,Health Care,"Santa Clara, California"APD,Air Products & Chemicals Inc,Materials,"Allentown, Pennsylvania"AKAM,Akamai Technologies Inc,Information Technology,"Cambridge, Massachusetts"ALK,Alaska Air Group Inc,Industrials,"Seattle, Washington"ALB,Albemarle Corp,Materials,"Baton Rouge, Louisiana"ARE,Alexandria Real Estate Equities Inc,Real Estate,"Pasadena, California"ALXN,Alexion Pharmaceuticals,Health Care,"Cheshire, Connecticut"ALGN,Align Technology,Health Care,"San Jose, California"ALLE,Allegion,Industrials,"Dublin, Ireland"AGN,"Allergan, Plc",Health Care,"Dublin, Ireland"ADS,Alliance Data Systems,Information Technology,"Plano, Texas"LNT,Alliant Energy Corp,Utilities,"Madison, Wisconsin"ALL,Allstate Corp,Financials,"Northfield Township, Illinois"GOOGL,Alphabet Inc Class A,Information Technology,"Mountain View, California"GOOG,Alphabet Inc Class C,Information Technology,"Mountain View, California"MO,Altria Group Inc,Consumer Staples,"Richmond, Virginia"AMZN,Amazon.com Inc,Consumer Discretionary,"Seattle, Washington"AEE,Ameren Corp,Utilities,"St. Louis, Missouri"AAL,American Airlines Group,Industrials,"Fort Worth, Texas"AEP,American Electric Power,Utilities,"Columbus, Ohio"AXP,American Express Co,Financials,"New York, New York"AIG,"American International Group, Inc.",Financials,"New York, New York"AMT,American Tower Corp A,Real Estate,"Boston, Massachusetts"AWK,American Water Works Company Inc,Utilities,"Voorhees, New Jersey"AMP,Ameriprise Financial,Financials,"Minneapolis, Minnesota"ABC,AmerisourceBergen Corp,Health Care,"Chesterbrook, Pennsylvania"AME,AMETEK Inc,Industrials,"Berwyn, Pennsylvania"AMGN,Amgen Inc,Health Care,"Thousand Oaks, California"APH,Amphenol Corp,Information Technology,"Wallingford, Connecticut"APC,Anadarko Petroleum Corp,Energy,"The Woodlands, Texas"ADI,"Analog Devices, Inc.",Information Technology,"Norwood, Massachusetts"ANDV,Andeavor,Energy,"San Antonio, Texas"ANSS,ANSYS,Information Technology,"Canonsburg, Pennsylvania"ANTM,Anthem Inc.,Health Care,"Indianapolis, Indiana"AON,Aon plc,Financials,LondonAOS,A.O. Smith,Industrials,"Milwaukee, Wisconsin"APA,Apache Corporation,Energy,"Houston, Texas"AIV,Apartment Investment & Management,Real Estate,"Denver, Colorado"AAPL,Apple Inc.,Information Technology,"Cupertino, California"AMAT,Applied Materials Inc,Information Technology,"Santa Clara, California"ADM,Archer-Daniels-Midland Co,Consumer Staples,"Decatur, Illinois"ARNC,Arconic Inc,Industrials,"New York, New York"AJG,Arthur J. Gallagher & Co.,Financials,"Itasca, Illinois"AIZ,Assurant Inc,Financials,"New York, New York"T,AT&T Inc,Telecommunication Services,"Dallas, Texas"ADSK,Autodesk Inc,Information Technology,"San Rafael, California"ADP,Automatic Data Processing,Information Technology,"Roseland, New Jersey"AZO,AutoZone Inc,Consumer Discretionary,"Memphis, Tennessee"AVB,"AvalonBay Communities, Inc.",Real Estate,"Arlington, Virginia"AVY,Avery Dennison Corp,Materials,"Glendale, California"BHGE,"Baker Hughes, a GE Company",Energy,"Houston, Texas"BLL,Ball Corp,Materials,"Broomfield, Colorado"BAC,Bank of America Corp,Financials,"Charlotte, North Carolina"BK,The Bank of New York Mellon Corp.,Financials,"New York, New York"BCR,Bard (C.R.) Inc.,Health Care,"Murray Hill, New Jersey"BAX,Baxter International Inc.,Health Care,"Deerfield, Illinois"BBT,BB&T Corporation,Financials,"Winston-Salem, North Carolina"BDX,Becton Dickinson,Health Care,"Franklin Lakes, New Jersey"BRK.B,Berkshire Hathaway,Financials,"Omaha, Nebraska"BBY,Best Buy Co. Inc.,Consumer Discretionary,"Richfield, Minnesota"BIIB,Biogen Inc.,Health Care,"Weston, Massachusetts"BLK,BlackRock,Financials,"New York, New York"HRB,Block H&R,Financials,"Kansas City, Missouri"BA,Boeing Company,Industrials,"Chicago, Illinois"BWA,BorgWarner,Consumer Discretionary,"Auburn Hills, Michigan"BXP,Boston Properties,Real Estate,"Boston, Massachusetts"BSX,Boston Scientific,Health Care,"Marlborough, Massachusetts"BHF,Brighthouse Financial Inc,Financials,"Charlotte, North Carolina"BMY,Bristol-Myers Squibb,Health Care,"New York, New York"AVGO,Broadcom,Information Technology,"San Jose, California"BF.B,Brown-Forman Corp.,Consumer Staples,"Louisville, Kentucky"CHRW,C. H. Robinson Worldwide,Industrials,"Eden Prairie, Minnesota"CA,"CA, Inc.",Information Technology,"Islandia, New York"COG,Cabot Oil & Gas,Energy,"Houston, Texas"CDNS,Cadence Design Systems,Information Technology,"San Jose, California"CPB,Campbell Soup,Consumer Staples,"Camden, New Jersey"COF,Capital One Financial,Financials,"Tysons Corner, Virginia"CAH,Cardinal Health,Health Care,"Dublin, Ohio"CBOE,CBOE Holdings,Financials,"Chicago, Illinois"KMX,Carmax Inc,Consumer Discretionary,"Richmond, Virginia"CCL,Carnival Corp.,Consumer Discretionary,"Miami, Florida"CAT,Caterpillar Inc.,Industrials,"Peoria, Illinois"CBG,CBRE Group,Real Estate,"Los Angeles, California"CBS,CBS Corp.,Consumer Discretionary,"New York, New York"CELG,Celgene Corp.,Health Care,"Summit, New Jersey"CNC,Centene Corporation,Health Care,"St Louis, Missouri"CNP,CenterPoint Energy,Utilities,"Houston, Texas"CTL,CenturyLink Inc,Telecommunication Services,"Monroe, Louisiana"CERN,Cerner,Health Care,"North Kansas City, Missouri"CF,CF Industries Holdings Inc,Materials,"Deerfield, Illinois"SCHW,Charles Schwab Corporation,Financials,"San Francisco, California"CHTR,Charter Communications,Consumer Discretionary,"Stamford, Connecticut"CHK,Chesapeake Energy,Energy,"Oklahoma City, Oklahoma"CVX,Chevron Corp.,Energy,"San Ramon, California"CMG,Chipotle Mexican Grill,Consumer Discretionary,"Denver, Colorado"CB,Chubb Limited,Financials,"Zurich, Switzerland"CHD,Church & Dwight,Consumer Staples,"Ewing, New Jersey"CI,CIGNA Corp.,Health Care,"Philadelphia, Pennsylvania"XEC,Cimarex Energy,Energy,"Denver, Colorado"CINF,Cincinnati Financial,Financials,"Fairfield, Ohio"CTAS,Cintas Corporation,Industrials,"Mason, Ohio"CSCO,Cisco Systems,Information Technology,"San Jose, California"C,Citigroup Inc.,Financials,"New York, New York"CFG,Citizens Financial Group,Financials,"Providence, Rhode Island"CTXS,Citrix Systems,Information Technology,"Fort Lauderdale, Florida"CLX,The Clorox Company,Consumer Staples,"Oakland, California"CME,CME Group Inc.,Financials,"Chicago, Illinois"CMS,CMS Energy,Utilities,"Jackson, Michigan"KO,Coca-Cola Company,Consumer Staples,"Atlanta, Georgia"CTSH,Cognizant Technology Solutions,Information Technology,"Teaneck, New Jersey"CL,Colgate-Palmolive,Consumer Staples,"New York, New York"CMCSA,Comcast Corp.,Consumer Discretionary,"Philadelphia, Pennsylvania"CMA,Comerica Inc.,Financials,"Dallas, Texas"CAG,Conagra Brands,Consumer Staples,"Chicago, Illinois"CXO,Concho Resources,Energy,"Midland, Texas"COP,ConocoPhillips,Energy,"Houston, Texas"ED,Consolidated Edison,Utilities,"New York, New York"STZ,Constellation Brands,Consumer Staples,"Victor, New York"COO,The Cooper Companies,Health Care,"Pleasanton, California"GLW,Corning Inc.,Information Technology,"Corning, New York"COST,Costco Wholesale Corp.,Consumer Staples,"Issaquah, Washington"COTY,"Coty, Inc",Consumer Staples,"New York, NY"CCI,Crown Castle International Corp.,Real Estate,"Houston, Texas"CSRA,CSRA Inc.,Information Technology,"Falls Church, Virginia"CSX,CSX Corp.,Industrials,"Jacksonville, Florida"CMI,Cummins Inc.,Industrials,"Columbus, Indiana"CVS,CVS Health,Consumer Staples,"Woonsocket, Rhode Island"DHI,D. R. Horton,Consumer Discretionary,"Fort Worth, Texas"DHR,Danaher Corp.,Health Care,"Washington, D.C."DRI,Darden Restaurants,Consumer Discretionary,"Orlando, Florida"DVA,DaVita,Health Care,"Denver, Colorado"DE,Deere & Co.,Industrials,"Moline, Illinois"DLPH,Delphi Automotive,Consumer Discretionary,"Gillingham, Kent"DAL,Delta Air Lines,Industrials,"Atlanta, Georgia"XRAY,Dentsply Sirona,Health Care,"York, Pennsylvania"DVN,Devon Energy,Energy,"Oklahoma City, Oklahoma"DLR,Digital Realty,Real Estate,"San Francisco, California"DFS,Discover Financial Services,Financials,"Riverwoods, Illinois"DISCA,Discovery Communications,Consumer Discretionary,"Silver Spring, Maryland"DISCK,Discovery Communications,Consumer Discretionary,"Silver Spring, Maryland"DISH,Dish Network,Consumer Discretionary,"Meridian, Colorado"DG,Dollar General,Consumer Discretionary,"Goodlettsville, Tennessee"DLTR,Dollar Tree,Consumer Discretionary,"Chesapeake, Virginia"D,Dominion Energy,Utilities,"Richmond, Virginia"DOV,Dover Corp.,Industrials,"Downers Grove, Illinois"DWDP,DowDuPont,Materials,"Midland, Michigan"DPS,Dr Pepper Snapple Group,Consumer Staples,"Plano, Texas"DTE,DTE Energy,Utilities,"Detroit, Michigan"DRE,Duke Realty Corp,Real Estate,"Indianapolis, Indiana"DUK,Duke Energy,Utilities,"Charlotte, North Carolina"DXC,DXC Technology,Information Technology,"Tysons Corner, Virginia"ETFC,E*Trade,Financials,"New York, New York"EMN,Eastman Chemical,Materials,"Kingsport, Tennessee"ETN,Eaton Corporation,Industrials,"Dublin, Ireland"EBAY,eBay,Information Technology,"San Jose, California"ECL,Ecolab,Materials,"St. Paul, Minnesota"EIX,Edison Int'l,Utilities,"Rosemead, California"EW,Edwards Lifesciences,Health Care,"Irvine, California"EA,Electronic Arts,Information Technology,"Redwood City, California"EMR,Emerson Electric Company,Industrials,"Ferguson, Missouri"ETR,Entergy Corp.,Utilities,"New Orleans, Louisiana"EVHC,Envision Healthcare,Health Care,"Nashville, Tennessee"EOG,EOG Resources,Energy,"Houston, Texas"EQT,EQT Corporation,Energy,"Pittsburgh, Pennsylvania"EFX,Equifax Inc.,Industrials,"Atlanta, Georgia"EQIX,Equinix,Real Estate,"Redwood City, California"EQR,Equity Residential,Real Estate,"Chicago, Illinois"ESS,"Essex Property Trust, Inc.",Real Estate,"Palo Alto, California"EL,Estee Lauder Cos.,Consumer Staples,"New York, New York"ES,Eversource Energy,Utilities,"Springfield, Massachusetts"RE,Everest Re Group,Financials,"Hamilton, Bermuda"EXC,Exelon Corp.,Utilities,"Chicago, Illinois"EXPE,Expedia Inc.,Consumer Discretionary,"Bellevue, Washington"EXPD,Expeditors International,Industrials,"Seattle, Washington"ESRX,Express Scripts,Health Care,"Cool Valley, Missouri"EXR,Extra Space Storage,Real Estate,"Salt Lake City, Utah"XOM,Exxon Mobil Corp.,Energy,"Irving, Texas"FFIV,F5 Networks,Information Technology,"Seattle, Washington"FB,"Facebook, Inc.",Information Technology,"Menlo Park, California"FAST,Fastenal Co,Industrials,"Winona, Minnesota"FRT,Federal Realty Investment Trust,Real Estate,"Rockville, Maryland"FDX,FedEx Corporation,Industrials,"Memphis, Tennessee"FIS,Fidelity National Information Services,Information Technology,"Jacksonville, Florida"FITB,Fifth Third Bancorp,Financials,"Cincinnati, Ohio"FE,FirstEnergy Corp,Utilities,"Akron, Ohio"FISV,Fiserv Inc,Information Technology,"Brookfield, Wisconsin"FLIR,FLIR Systems,Information Technology,"Wilsonville, Oregon"FLS,Flowserve Corporation,Industrials,"Irving, Texas"FLR,Fluor Corp.,Industrials,"Irving, Texas"FMC,FMC Corporation,Materials,"Philadelphia, Pennsylvania"FL,Foot Locker Inc,Consumer Discretionary,"New York, New York"F,Ford Motor,Consumer Discretionary,"Dearborn, Michigan"FTV,Fortive Corp,Industrials,"Everett, Washington"FBHS,Fortune Brands Home & Security,Industrials,"Deerfield, Illinois"BEN,Franklin Resources,Financials,"San Mateo, California"FCX,Freeport-McMoRan Inc.,Materials,"Phoenix, Arizona"GPS,Gap Inc.,Consumer Discretionary,"San Francisco, California"GRMN,Garmin Ltd.,Consumer Discretionary,"Schaffhausen, Switzerland"IT,Gartner Inc,Information Technology,"Stamford, Connecticut"GD,General Dynamics,Industrials,"Falls Church, Virginia"GE,General Electric,Industrials,"Boston, Massachusetts"GGP,General Growth Properties Inc.,Real Estate,"Chicago, Illinois"GIS,General Mills,Consumer Staples,"Golden Valley, Minnesota"GM,General Motors,Consumer Discretionary,"Detroit, Michigan"GPC,Genuine Parts,Consumer Discretionary,"Atlanta, Georgia"GILD,Gilead Sciences,Health Care,"Foster City, California"GPN,Global Payments Inc,Information Technology,"Atlanta, Georgia"GS,Goldman Sachs Group,Financials,"New York, New York"GT,Goodyear Tire & Rubber,Consumer Discretionary,"Akron, Ohio"GWW,Grainger (W.W.) Inc.,Industrials,"Lake Forest, Illinois"HAL,Halliburton Co.,Energy,"Houston, Texas"HBI,Hanesbrands Inc,Consumer Discretionary,"Winston-Salem, North Carolina"HOG,Harley-Davidson,Consumer Discretionary,"Milwaukee, Wisconsin"HRS,Harris Corporation,Information Technology,"Melbourne, Florida"HIG,Hartford Financial Svc.Gp.,Financials,"Hartford, Connecticut"HAS,Hasbro Inc.,Consumer Discretionary,"Pawtucket, Rhode Island"HCA,HCA Holdings,Health Care,"Nashville, Tennessee"HCP,HCP Inc.,Real Estate,"Long Beach, California"HP,Helmerich & Payne,Energy,"Tulsa, Oklahoma"HSIC,Henry Schein,Health Care,"Melville, New York"HSY,The Hershey Company,Consumer Staples,"Hershey, Pennsylvania"HES,Hess Corporation,Energy,"New York, New York"HPE,Hewlett Packard Enterprise,Information Technology,"Palo Alto, California"HLT,Hilton Worldwide,Consumer Discretionary,"Tysons Corner, Virginia"HOLX,Hologic,Health Care,"Marlborough, Massachusetts"HD,Home Depot,Consumer Discretionary,"Atlanta, Georgia"HON,Honeywell Int'l Inc.,Industrials,"Morristown, New Jersey"HRL,Hormel Foods Corp.,Consumer Staples,"Austin, Minnesota"HST,Host Hotels & Resorts,Real Estate,"Bethesda, Maryland"HPQ,HP Inc.,Information Technology,"Palo Alto, California"HUM,Humana Inc.,Health Care,"Louisville, Kentucky"HBAN,Huntington Bancshares,Financials,"Columbus, Ohio"IDXX,IDEXX Laboratories,Health Care,"Westbrook, Maine"INFO,IHS Markit Ltd.,Industrials,LondonITW,Illinois Tool Works,Industrials,"Glenview, Illinois"ILMN,Illumina Inc,Health Care,"San Diego, California"IR,Ingersoll-Rand PLC,Industrials,"Dublin, Ireland"INTC,Intel Corp.,Information Technology,"Santa Clara, California"ICE,Intercontinental Exchange,Financials,"Atlanta, Georgia"IBM,International Business Machines,Information Technology,"Armonk, New York"INCY,Incyte,Health Care,"Wilmington, Delaware"IP,International Paper,Materials,"Memphis, Tennessee"IPG,Interpublic Group,Consumer Discretionary,"New York, New York"IFF,Intl Flavors & Fragrances,Materials,"New York, New York"INTU,Intuit,Information Technology,"Mountain View, California"ISRG,Intuitive Surgical Inc.,Health Care,"Sunnyvale, California"IVZ,Invesco Ltd.,Financials,"Atlanta, Georgia"IQV,IQVIA,Health Care,"Durham, North Carolina"IRM,Iron Mountain Incorporated,Real Estate,"Boston, Massachusetts"JEC,Jacobs Engineering Group,Industrials,"Pasadena, California"JBHT,J. B. Hunt Transport Services,Industrials,"Lowell, Arkansas"SJM,JM Smucker,Consumer Staples,"Orrville, Ohio"JNJ,Johnson & Johnson,Health Care,"New Brunswick, New Jersey"JCI,Johnson Controls International,Industrials,"Cork, Ireland"JPM,JPMorgan Chase & Co.,Financials,"New York, New York"JNPR,Juniper Networks,Information Technology,"Sunnyvale, California"KSU,Kansas City Southern,Industrials,"Kansas City, Missouri"K,Kellogg Co.,Consumer Staples,"Battle Creek, Michigan"KEY,KeyCorp,Financials,"Cleveland, Ohio"KMB,Kimberly-Clark,Consumer Staples,"Irving, Texas"KIM,Kimco Realty,Real Estate,"New Hyde Park, New York"KMI,Kinder Morgan,Energy,"Houston, Texas"KLAC,KLA-Tencor Corp.,Information Technology,"Milpitas, California"KSS,Kohl's,Consumer Discretionary,"Menomonee Falls, Wisconsin"KHC,Kraft Heinz,Consumer Staples,"Pittsburgh, Pennsylvania"KR,Kroger Co.,Consumer Staples,"Cincinnati, Ohio"LB,L Brands Inc.,Consumer Discretionary,"Columbus, Ohio"LLL,L-3 Communications Holdings,Industrials,"New York, New York"LH,Laboratory Corp. of America Holding,Health Care,"Burlington, North Carolina"LRCX,Lam Research,Information Technology,"Fremont, California"LEG,Leggett & Platt,Consumer Discretionary,"Carthage, Missouri"LEN,Lennar Corp.,Consumer Discretionary,"Miami, Florida"LUK,Leucadia National Corp.,Financials,"New York, New York"LLY,Lilly (Eli) & Co.,Health Care,"Indianapolis, Indiana"LNC,Lincoln National,Financials,"Radnor, Pennsylvania"LKQ,LKQ Corporation,Consumer Discretionary,"Chicago, Illinois"LMT,Lockheed Martin Corp.,Industrials,"Bethesda, Maryland"L,Loews Corp.,Financials,"New York, New York"LOW,Lowe's Cos.,Consumer Discretionary,"Mooresville, North Carolina"LYB,LyondellBasell,Materials,"Rotterdam, Netherlands"MTB,M&T Bank Corp.,Financials,"Buffalo, New York"MAC,Macerich,Real Estate,"Santa Monica, California"M,Macy's Inc.,Consumer Discretionary,"Cincinnati, Ohio"MRO,Marathon Oil Corp.,Energy,"Houston, Texas"MPC,Marathon Petroleum,Energy,"Findlay, Ohio"MAR,Marriott Int'l.,Consumer Discretionary,"Bethesda, Maryland"MMC,Marsh & McLennan,Financials,"New York, New York"MLM,Martin Marietta Materials,Materials,"Raleigh, North Carolina"MAS,Masco Corp.,Industrials,"Taylor, Michigan"MA,Mastercard Inc.,Information Technology,"Harrison, New York"MAT,Mattel Inc.,Consumer Discretionary,"El Segundo, California"MKC,McCormick & Co.,Consumer Staples,"Sparks, Maryland"MCD,McDonald's Corp.,Consumer Discretionary,"Oak Brook, Illinois"MCK,McKesson Corp.,Health Care,"San Francisco, California"MDT,Medtronic plc,Health Care,DublinMRK,Merck & Co.,Health Care,"Whitehouse Station, New Jersey"MET,MetLife Inc.,Financials,"New York, New York"MTD,Mettler Toledo,Health Care,"Columbus, Ohio"MGM,MGM Resorts International,Consumer Discretionary,"Paradise, Nevada"KORS,Michael Kors Holdings,Consumer Discretionary,"New York, New York"MCHP,Microchip Technology,Information Technology,"Chandler, Arizona"MU,Micron Technology,Information Technology,"Boise, Idaho"MSFT,Microsoft Corp.,Information Technology,"Redmond, Washington"MAA,Mid-America Apartments,Real Estate,"Memphis, Tennessee"MHK,Mohawk Industries,Consumer Discretionary,"Amsterdam, New York"TAP,Molson Coors Brewing Company,Consumer Staples,"Denver, Colorado"MDLZ,Mondelez International,Consumer Staples,"Northfield, Illinois"MON,Monsanto Co.,Materials,"Creve Coeur, Missouri"MNST,Monster Beverage,Consumer Staples,"Corona, California"MCO,Moody's Corp,Financials,"New York, New York"MS,Morgan Stanley,Financials,"New York, New York"MOS,The Mosaic Company,Materials,"Plymouth, Minnesota"MSI,Motorola Solutions Inc.,Information Technology,"Schaumburg, Illinois"MYL,Mylan N.V.,Health Care,AmsterdamNDAQ,"Nasdaq, Inc.",Financials,"New York, New York"NOV,National Oilwell Varco Inc.,Energy,"Houston, Texas"NAVI,Navient,Financials,"Wilmington, Delaware"NTAP,NetApp,Information Technology,"Sunnyvale, California"NFLX,Netflix Inc.,Information Technology,"Los Gatos, California"NWL,Newell Brands,Consumer Discretionary,"Sandy Springs, Georgia"NFX,Newfield Exploration Co,Energy,"Houston, Texas"NEM,Newmont Mining Corporation,Materials,"Denver, Colorado"NWSA,News Corp. Class A,Consumer Discretionary,"New York, New York"NWS,News Corp. Class B,Consumer Discretionary,"New York, New York"NEE,NextEra Energy,Utilities,"Juno Beach, Florida"NLSN,Nielsen Holdings,Industrials,"New York, New York"NKE,Nike,Consumer Discretionary,"Washington County, Oregon"NI,NiSource Inc.,Utilities,"Merrillville, Indiana"NBL,Noble Energy Inc,Energy,"Houston, Texas"JWN,Nordstrom,Consumer Discretionary,"Seattle, Washington"NSC,Norfolk Southern Corp.,Industrials,"Norfolk, Virginia"NTRS,Northern Trust Corp.,Financials,"Chicago, Illinois"NOC,Northrop Grumman Corp.,Industrials,"West Falls Church, Virginia"NCLH,Norwegian Cruise Line,Consumer Discretionary,"Miami, Florida"NRG,NRG Energy,Utilities,"Princeton, New Jersey"NUE,Nucor Corp.,Materials,"Charlotte, North Carolina"NVDA,Nvidia Corporation,Information Technology,"Santa Clara, California"ORLY,O'Reilly Automotive,Consumer Discretionary,"Springfield, Missouri"OXY,Occidental Petroleum,Energy,"Los Angeles, California"OMC,Omnicom Group,Consumer Discretionary,"New York, New York"OKE,ONEOK,Energy,"Tulsa, Oklahoma"ORCL,Oracle Corp.,Information Technology,"Redwood Shores, California"PCAR,PACCAR Inc.,Industrials,"Bellevue, Washington"PKG,Packaging Corporation of America,Materials,"Lake Forest, Illinois"PH,Parker-Hannifin,Industrials,"Cleveland, Ohio"PDCO,Patterson Companies,Health Care,"St. Paul, Minnesota"PAYX,Paychex Inc.,Information Technology,"Penfield, New York"PYPL,PayPal,Information Technology,"San Jose, California"PNR,Pentair Ltd.,Industrials,"Worsley, UK"PBCT,People's United Financial,Financials,"Bridgeport, Connecticut"PEP,PepsiCo Inc.,Consumer Staples,"Purchase, New York"PKI,PerkinElmer,Health Care,"Waltham, Massachusetts"PRGO,Perrigo,Health Care,"Dublin, Ireland"PFE,Pfizer Inc.,Health Care,"New York, New York"PCG,PG&E Corp.,Utilities,"San Francisco, California"PM,Philip Morris International,Consumer Staples,"New York, New York"PSX,Phillips 66,Energy,"Houston, Texas"PNW,Pinnacle West Capital,Utilities,"Phoenix, Arizona"PXD,Pioneer Natural Resources,Energy,"Irving, Texas"PNC,PNC Financial Services,Financials,"Pittsburgh, Pennsylvania"RL,Polo Ralph Lauren Corp.,Consumer Discretionary,"New York, New York"PPG,PPG Industries,Materials,"Pittsburgh, Pennsylvania"PPL,PPL Corp.,Utilities,"Allentown, Pennsylvania"PX,Praxair Inc.,Materials,"Danbury, Connecticut"PCLN,Priceline.com Inc,Consumer Discretionary,"Norwalk, Connecticut"PFG,Principal Financial Group,Financials,"Des Moines, Iowa"PG,Procter & Gamble,Consumer Staples,"Cincinnati, Ohio"PGR,Progressive Corp.,Financials,"Mayfield Village, Ohio"PLD,Prologis,Real Estate,"San Francisco, California"PRU,Prudential Financial,Financials,"Newark, New Jersey"PEG,Public Serv. Enterprise Inc.,Utilities,"Newark, New Jersey"PSA,Public Storage,Real Estate,"Glendale, California"PHM,Pulte Homes Inc.,Consumer Discretionary,"Atlanta, Georgia"PVH,PVH Corp.,Consumer Discretionary,"New York, New York"QRVO,Qorvo,Information Technology,"Greensboro, North Carolina"PWR,Quanta Services Inc.,Industrials,"Houston, Texas"QCOM,QUALCOMM Inc.,Information Technology,"San Diego, California"DGX,Quest Diagnostics,Health Care,"Madison, New Jersey"RRC,Range Resources Corp.,Energy,"Fort Worth, Texas"RJF,Raymond James Financial Inc.,Financials,"St. Petersburg, Florida"RTN,Raytheon Co.,Industrials,"Waltham, Massachusetts"O,Realty Income Corporation,Real Estate,"San Diego, California"RHT,Red Hat Inc.,Information Technology,"Raleigh, North Carolina"REG,Regency Centers Corporation,Real Estate,"Jacksonville, Florida"REGN,Regeneron,Health Care,"Tarrytown, New York"RF,Regions Financial Corp.,Financials,"Birmingham, Alabama"RSG,Republic Services Inc,Industrials,"Phoenix, Arizona"RMD,ResMed,Health Care,"San Diego, California"RHI,Robert Half International,Industrials,"Menlo Park, California"ROK,Rockwell Automation Inc.,Industrials,"Milwaukee, Wisconsin"COL,Rockwell Collins,Industrials,"Cedar Rapids, Iowa"ROP,Roper Technologies,Industrials,"Sarasota, Florida"ROST,Ross Stores,Consumer Discretionary,"Pleasanton, California"RCL,Royal Caribbean Cruises Ltd,Consumer Discretionary,"Miami, Florida"CRM,Salesforce.com,Information Technology,"San Francisco, California"SBAC,SBA Communications,Real Estate,"Boca Raton, Florida"SCG,SCANA Corp,Utilities,"Cayce, South Carolina"SLB,Schlumberger Ltd.,Energy,CuraçaoSNI,Scripps Networks Interactive Inc.,Consumer Discretionary,"Cincinnati, Ohio"STX,Seagate Technology,Information Technology,"Dublin, Ireland"SEE,Sealed Air,Materials,"Elmwood Park, New Jersey"SRE,Sempra Energy,Utilities,"San Diego, California"SHW,Sherwin-Williams,Materials,"Cleveland, Ohio"SIG,Signet Jewelers,Consumer Discretionary,"Hamilton, Bermuda"SPG,Simon Property Group Inc,Real Estate,"Indianapolis, Indiana"SWKS,Skyworks Solutions,Information Technology,"Woburn, Massachusetts"SLG,SL Green Realty,Real Estate,"New York, New York"SNA,Snap-On Inc.,Consumer Discretionary,"Kenosha, Wisconsin"SO,Southern Co.,Utilities,"Atlanta, Georgia"LUV,Southwest Airlines,Industrials,"Dallas, Texas"SPGI,"S&P Global, Inc.",Financials,"New York, New York"SWK,Stanley Black & Decker,Consumer Discretionary,"New Britain, Connecticut"SBUX,Starbucks Corp.,Consumer Discretionary,"Seattle, Washington"STT,State Street Corp.,Financials,"Boston, Massachusetts"SRCL,Stericycle Inc,Industrials,"Lake Forest, Illinois"SYK,Stryker Corp.,Health Care,"Kalamazoo, Michigan"STI,SunTrust Banks,Financials,"Atlanta, Georgia"SYMC,Symantec Corp.,Information Technology,"Mountain View, California"SYF,Synchrony Financial,Financials,"Stamford, Connecticut"SNPS,Synopsys Inc.,Information Technology,"Mountain View, California"SYY,Sysco Corp.,Consumer Staples,"Houston, Texas"TROW,T. Rowe Price Group,Financials,"Baltimore, Maryland"TPR,"Tapestry, Inc.",Consumer Discretionary,"New York, New York"TGT,Target Corp.,Consumer Discretionary,"Minneapolis, Minnesota"TEL,TE Connectivity Ltd.,Information Technology,"Schaffhausen, Switzerland"FTI,TechnipFMC,Energy,LondonTXN,Texas Instruments,Information Technology,"Dallas, Texas"TXT,Textron Inc.,Industrials,"Providence, Rhode Island"TMO,Thermo Fisher Scientific,Health Care,"Waltham, Massachusetts"TIF,Tiffany & Co.,Consumer Discretionary,"New York, New York"TWX,Time Warner Inc.,Consumer Discretionary,"New York, New York"TJX,TJX Companies Inc.,Consumer Discretionary,"Framingham, Massachusetts"TMK,Torchmark Corp.,Financials,"McKinney, Texas"TSS,Total System Services,Information Technology,"Columbus, Georgia"TSCO,Tractor Supply Company,Consumer Discretionary,"Brentwood, Tennessee"TDG,TransDigm Group,Industrials,"Cleveland, Ohio"TRV,The Travelers Companies Inc.,Financials,"New York, New York"TRIP,TripAdvisor,Consumer Discretionary,"Newton, Massachusetts"FOXA,Twenty-First Century Fox Class A,Consumer Discretionary,"New York, New York"FOX,Twenty-First Century Fox Class B,Consumer Discretionary,"New York, New York"TSN,Tyson Foods,Consumer Staples,"Springdale, Arkansas"UDR,UDR Inc,Real Estate,"Highlands Ranch, Colorado"ULTA,Ulta Salon Cosmetics & Fragrance Inc,Consumer Discretionary,"Bolingbrook, Illinois"USB,U.S. Bancorp,Financials,"Minneapolis, Minnesota"UA,Under Armour,Consumer Discretionary,"Baltimore, Maryland"UAA,Under Armour,Consumer Discretionary,"Baltimore, Maryland"UNP,Union Pacific,Industrials,"Omaha, Nebraska"UAL,United Continental Holdings,Industrials,"Chicago, Illinois"UNH,United Health Group Inc.,Health Care,"Minnetonka, Minnesota"UPS,United Parcel Service,Industrials,"Atlanta, Georgia"URI,"United Rentals, Inc.",Industrials,"Stamford, Connecticut"UTX,United Technologies,Industrials,"Hartford, Connecticut"UHS,"Universal Health Services, Inc.",Health Care,"King of Prussia, Pennsylvania"UNM,Unum Group,Financials,"Chattanooga, Tennessee"VFC,V.F. Corp.,Consumer Discretionary,"Greensboro, North Carolina"VLO,Valero Energy,Energy,"San Antonio, Texas"VAR,Varian Medical Systems,Health Care,"Palo Alto, California"VTR,Ventas Inc,Real Estate,"Chicago, Illinois"VRSN,Verisign Inc.,Information Technology,"Dulles, Virginia"VRSK,Verisk Analytics,Industrials,"Jersey City, New Jersey"VZ,Verizon Communications,Telecommunication Services,"New York, New York"VRTX,Vertex Pharmaceuticals Inc,Health Care,"Cambridge, Massachusetts"VIAB,Viacom Inc.,Consumer Discretionary,"New York, New York"V,Visa Inc.,Information Technology,"San Francisco, California"VNO,Vornado Realty Trust,Real Estate,"New York, New York"VMC,Vulcan Materials,Materials,"Birmingham, Alabama"WMT,Wal-Mart Stores,Consumer Staples,"Bentonville, Arkansas"WBA,Walgreens Boots Alliance,Consumer Staples,"Deerfield, Illinois"DIS,The Walt Disney Company,Consumer Discretionary,"Burbank, California"WM,Waste Management Inc.,Industrials,"Houston, Texas"WAT,Waters Corporation,Health Care,"Milford, Massachusetts"WEC,Wec Energy Group Inc,Utilities,"Milwaukee, Wisconsin"WFC,Wells Fargo,Financials,"San Francisco, California"HCN,Welltower Inc.,Real Estate,"Toledo, Ohio"WDC,Western Digital,Information Technology,"Irvine, California"WU,Western Union Co,Information Technology,"Englewood, Colorado"WRK,WestRock Company,Materials,"Richmond, Virginia"WY,Weyerhaeuser Corp.,Real Estate,"Federal Way, Washington"WHR,Whirlpool Corp.,Consumer Discretionary,"Benton Harbor, Michigan"WMB,Williams Cos.,Energy,"Tulsa, Oklahoma"WLTW,Willis Towers Watson,Financials,"London, United Kingdom"WYN,Wyndham Worldwide,Consumer Discretionary,"Parsippany, New Jersey"WYNN,Wynn Resorts,Consumer Discretionary,"Paradise, Nevada"XEL,Xcel Energy Inc,Utilities,"Minneapolis, Minnesota"XRX,Xerox Corp.,Information Technology,"Norwalk, Connecticut"XLNX,Xilinx Inc,Information Technology,"San Jose, California"XL,XL Capital,Financials,"Hamilton, Bermuda"XYL,Xylem Inc.,Industrials,"White Plains, New York"YUM,Yum! Brands Inc,Consumer Discretionary,"Louisville, Kentucky"ZBH,Zimmer Biomet Holdings,Health Care,"Warsaw, Indiana"ZION,Zions Bancorp,Financials,"Salt Lake City, Utah"ZTS,Zoetis,Health Care,"Florham Park, New Jersey"